haha,hehe,ha
0.5,1.0,0.523599
0.3,1.0,0.304693
